,sn,sn_name,sn_type,targets
0,C0001962,ethanol,ORCH,"{'C0037313': 0.14104918518266468, 'C0002395': 0.12966666870221397}"
1,C0597357,receptor,AAPP,"{'C0037313': 0.12244128350407325, 'C0002395': 0.12617961641145511}"
2,C0021641,Insulin,AAPP,"{'C0037313': 0.12211321096147597, 'C0002395': 0.12481246913107248}"
3,C0026549,morphine,ORCH,"{'C0037313': 0.11482165140484454, 'C0002395': 0.12340030911624049}"
4,C0016904,gamma-aminobutyric acid,AAPP,"{'C0037313': 0.11400078496137186, 'C0002395': 0.12184159601986067}"
5,C1448177|7124,NAME_NOT_FOUND,AAPP,"{'C0037313': 0.11226409380400432, 'C0002395': 0.11779649589613327}"
6,C0011777,dexamethasone,PHSU,"{'C0037313': 0.10976303461461699, 'C0002395': 0.11510057486273591}"
7,C0021753,"interleukin-1, beta",AAPP,"{'C0037313': 0.10956231803237222, 'C0002395': 0.11427906204850526}"
8,C0079189,cytokine,AAPP,"{'C0037313': 0.10881877324199062, 'C0002395': 0.1138102098253871}"
9,C0220839,glutamate,AAPP,"{'C0037313': 0.10869597232532552, 'C0002395': 0.11002956599125263}"
10,C0002520,Amino Acids,AAPP,"{'C0037313': 0.1071666309401484, 'C0002395': 0.10846467523643072}"
11,C0021665,Insulin-Like Growth Factor I,AAPP,"{'C0037313': 0.10457792691737568, 'C0002395': 0.10707856347352847}"
12,C0003402,Antioxidants,PHSU,"{'C0037313': 0.10425053247095184, 'C0002395': 0.10421360229606971}"
13,C0021760,interleukin-6,AAPP,"{'C0037313': 0.10368141314459117, 'C0002395': 0.10018861622720841}"
14,C0030095,oxytocin,AAPP,"{'C0037313': 0.10334526778205572, 'C0002395': 0.09924434091957879}"
15,C0006644,caffeine,ORCH,"{'C0037313': 0.10272751511104858, 'C0002395': 0.09716002702556702}"
16,C0299583|3952,NAME_NOT_FOUND,AAPP,"{'C0037313': 0.10219994887368034, 'C0002395': 0.09529615608554122}"
17,C0003289,Antidepressive Agents,PHSU,"{'C0037313': 0.10196873076284275, 'C0002395': 0.09437068424304959}"
18,C0003779,argipressin,AAPP,"{'C0037313': 0.0989816224825578, 'C0002395': 0.09351216253387896}"
19,C0041249,tryptophan,AAPP,"{'C0037313': 0.0988489372660899, 'C0002395': 0.09302050504913}"
20,C0037663,Growth Hormone,AAPP,"{'C0037313': 0.09862482098030245, 'C0002395': 0.09173115283236341}"
21,C0003765,arginine,AAPP,"{'C0037313': 0.09669713874539737, 'C0002395': 0.09057652890620109}"
22,C0010132,corticotropin-releasing hormone,AAPP,"{'C0037313': 0.09558823086754835, 'C0002395': 0.08965168606850955}"
23,C0003241,Antibodies,AAPP,"{'C0037313': 0.09488312387379814, 'C0002395': 0.08681338209346938}"
24,C0027893|4852,NAME_NOT_FOUND,AAPP,"{'C0037313': 0.0942346700999806, 'C0002395': 0.08555168895345308}"
25,C0027358,naloxone,ORCH,"{'C0037313': 0.09393326947432061, 'C0002395': 0.08428732238344828}"
26,C0033497,propranolol,ORCH,"{'C0037313': 0.09360950852003078, 'C0002395': 0.0832954607801266}"
27,C0021641|3630,NAME_NOT_FOUND,AAPP,"{'C0037313': 0.09357390816263246, 'C0002395': 0.0832852091337445}"
28,C0033371,prolactin,AAPP,"{'C0037313': 0.09089352846159526, 'C0002395': 0.08323791314895003}"
29,C0005064,Benzodiazepines,ORCH,"{'C0037313': 0.08927634697916854, 'C0002395': 0.08297367744900389}"
30,C0107103,brain-derived neurotrophic factor,AAPP,"{'C0037313': 0.0887517775244782, 'C0002395': 0.0829247568739048}"
31,C0004057,aspirin,ORCH,"{'C0037313': 0.08846951324227877, 'C0002395': 0.08220265598400688}"
32,C0023570,levodopa,AAPP,"{'C0037313': 0.0883371024032298, 'C0002395': 0.08180232594356941}"
33,C1366832|51761,NAME_NOT_FOUND,AAPP,"{'C0037313': 0.0878340833710333, 'C0002395': 0.08170358574602576}"
34,C0022245,isoproterenol,ORCH,"{'C0037313': 0.08761451261457472, 'C0002395': 0.08161451883273686}"
35,C0016365,fluoxetine,ORCH,"{'C0037313': 0.08751124729126723, 'C0002395': 0.0809070450020506}"
36,C0001655|5443,NAME_NOT_FOUND,AAPP,"{'C0037313': 0.08669938061026705, 'C0002395': 0.08063787874368625}"
37,C0911014,ghrelin,AAPP,"{'C0037313': 0.08646632063473592, 'C0002395': 0.08019091069245754}"
38,C0021246,indomethacin,ORCH,"{'C0037313': 0.08539429320128544, 'C0002395': 0.08002192464475097}"
39,C0040615,Antipsychotic Agents,PHSU,"{'C0037313': 0.08533954942066226, 'C0002395': 0.07999073361936823}"
40,C0018546,haloperidol,ORCH,"{'C0037313': 0.08475901336953226, 'C0002395': 0.07994267488802853}"
41,C0017890,glycine,AAPP,"{'C0037313': 0.08372009013397524, 'C0002395': 0.07909847973631041}"
42,C0021740,NAME_NOT_FOUND,AAPP,"{'C0037313': 0.08345951793329753, 'C0002395': 0.07909842554623484}"
43,C0021756,Interleukin-2,AAPP,"{'C0037313': 0.0832222742710429, 'C0002395': 0.0790378560914709}"
44,C0009014,clonidine,ORCH,"{'C0037313': 0.08302486757069276, 'C0002395': 0.07901876676099509}"
45,C0038585,Substance P,AAPP,"{'C0037313': 0.08248965174863274, 'C0002395': 0.07894301626178721}"
46,C0034783,Adrenergic Receptor,AAPP,"{'C0037313': 0.08222377079990113, 'C0002395': 0.07889394097713896}"
47,C0033487,propofol,ORCH,"{'C0037313': 0.08067796028455189, 'C0002395': 0.07873565564114102}"
48,C0041368,Tumor Necrosis Factors,AAPP,"{'C0037313': 0.08054266135048141, 'C0002395': 0.07799117579435111}"
49,C0014822|2056,NAME_NOT_FOUND,AAPP,"{'C0037313': 0.07900970623544047, 'C0002395': 0.07775650508545065}"
50,C0001655,corticotropin,AAPP,"{'C0037313': 0.07887736456159725, 'C0002395': 0.07715000941473117}"
51,C0002771,Analgesics,PHSU,"{'C0037313': 0.07872374716866838, 'C0002395': 0.07679992975964142}"
52,C0042866,vitamin D,PHSU,"{'C0037313': 0.0784022523345674, 'C0002395': 0.07574691190102327}"
53,C0006560,C-reactive protein,AAPP,"{'C0037313': 0.07758095387193299, 'C0002395': 0.07518461976582194}"
54,C0596902,Membrane Transport Proteins,AAPP,"{'C0037313': 0.07737763042997124, 'C0002395': 0.07488489239140433}"
55,C0042395,vasoactive intestinal peptide,AAPP,"{'C0037313': 0.07726410609702636, 'C0002395': 0.07453563785200788}"
56,C0080093,N-Methyl-D-Aspartate Receptors,AAPP,"{'C0037313': 0.07705607067698797, 'C0002395': 0.07433355052166413}"
57,C1366490|156,NAME_NOT_FOUND,AAPP,"{'C0037313': 0.07700617849980572, 'C0002395': 0.07341096937074086}"
58,C0005210,beta-Endorphin,AAPP,"{'C0037313': 0.07629357899523545, 'C0002395': 0.07340365076016858}"
59,C0040616,Anti-Anxiety Agents,PHSU,"{'C0037313': 0.07570436286022118, 'C0002395': 0.0732733028384179}"
60,C0017817,glutathione,AAPP,"{'C0037313': 0.07515824972980362, 'C0002395': 0.07308619437517519}"
61,C0002059,Alkaline Phosphatase,AAPP,"{'C0037313': 0.07511132368963196, 'C0002395': 0.07271065676130423}"
62,C0037659|6750,NAME_NOT_FOUND,AAPP,"{'C0037313': 0.07483790878516026, 'C0002395': 0.07228177924917625}"
63,C0037659,somatostatin,AAPP,"{'C0037313': 0.07476491229418938, 'C0002395': 0.07219075674243047}"
64,C1456820|7124,NAME_NOT_FOUND,AAPP,"{'C0037313': 0.07469686557690998, 'C0002395': 0.07160701214695135}"
65,C0003211,"Anti-Inflammatory Agents, Non-Steroidal",PHSU,"{'C0037313': 0.07447787984876109, 'C0002395': 0.07154704681660413}"
66,C0017797,glutamine,AAPP,"{'C0037313': 0.07434325600502063, 'C0002395': 0.07132058922823403}"
67,C0085295,interleukin-10,AAPP,"{'C0037313': 0.07397539590591341, 'C0002395': 0.07081364340206804}"
68,C0023607,luteinizing hormone,AAPP,"{'C0037313': 0.07355411732379555, 'C0002395': 0.07074980088302206}"
69,C0389071,Adiponectin,AAPP,"{'C0037313': 0.07339028571278972, 'C0002395': 0.07074802783107167}"
70,C0004259,atropine,ORCH,"{'C0037313': 0.07338032251781539, 'C0002395': 0.07058113537074956}"
71,C0132555,Nitric Oxide Synthase,AAPP,"{'C0037313': 0.07337998461500227, 'C0002395': 0.07050142765332258}"
72,C0304402,Stimulant,PHSU,"{'C0037313': 0.07324424474098083, 'C0002395': 0.07041500224234999}"
73,C0002932,Anesthetics,PHSU,"{'C0037313': 0.07285084582250462, 'C0002395': 0.0703377952172836}"
74,C0040135,Thyroid Hormones,AAPP,"{'C0037313': 0.07271684791085373, 'C0002395': 0.06984787588911437}"
75,C0042523,verapamil,ORCH,"{'C0037313': 0.07262061357085432, 'C0002395': 0.06981154712329005}"
76,C0039350,taurine,AAPP,"{'C0037313': 0.0718301801151716, 'C0002395': 0.06931509352424117}"
77,C0021758,interleukin-4,AAPP,"{'C0037313': 0.07176316890793674, 'C0002395': 0.06919948715461073}"
78,C0079904,NF-kappa B,AAPP,"{'C0037313': 0.0714546807891936, 'C0002395': 0.06901933265135902}"
79,C0027754|4803,NAME_NOT_FOUND,AAPP,"{'C0037313': 0.07118348633680086, 'C0002395': 0.06887702024527918}"
80,C0021747,Interferons,AAPP,"{'C0037313': 0.07115631172836942, 'C0002395': 0.06867936983108183}"
81,C0040690,Transforming Growth Factor beta,AAPP,"{'C0037313': 0.07066428275389225, 'C0002395': 0.06867729666221488}"
82,C0027895,Neuropeptides,AAPP,"{'C0037313': 0.07031706915578216, 'C0002395': 0.068400876298589}"
83,C0021755,Interleukin-1,AAPP,"{'C0037313': 0.07027793580626837, 'C0002395': 0.0683836145641165}"
84,C0003242,"Antibodies, Anti-Idiotypic",AAPP,"{'C0037313': 0.06995363083643834, 'C0002395': 0.06817650739459662}"
85,C0007367,catalase,AAPP,"{'C0037313': 0.06994413489496211, 'C0002395': 0.06724988321575046}"
86,C0000970,acetaminophen,ORCH,"{'C0037313': 0.06949794184535402, 'C0002395': 0.06701065842213494}"
87,C0034798,Dopamine Receptor,AAPP,"{'C0037313': 0.06879075303105127, 'C0002395': 0.06697417382267537}"
88,C0080222|7040,NAME_NOT_FOUND,AAPP,"{'C0037313': 0.06781504607724792, 'C0002395': 0.06686767205280325}"
89,C0733470|3439,NAME_NOT_FOUND,AAPP,"{'C0037313': 0.06747349727907125, 'C0002395': 0.06659066025146014}"
90,C0299583,leptin,AAPP,"{'C0037313': 0.06652579184655008, 'C0002395': 0.0664566332078328}"
91,C0031453,phenylalanine,AAPP,"{'C0037313': 0.06592037298251018, 'C0002395': 0.06629019990174483}"
92,C0001645,Adrenergic beta-Antagonists,PHSU,"{'C0037313': 0.06578462944786445, 'C0002395': 0.06592356861150771}"
93,C0020934,imipramine,ORCH,"{'C0037313': 0.06575052790166486, 'C0002395': 0.06587466856286175}"
94,C0242275|1950,NAME_NOT_FOUND,AAPP,"{'C0037313': 0.06541284399990219, 'C0002395': 0.06564703688581278}"
95,C0061928,GTPase-Activating Proteins,AAPP,"{'C0037313': 0.06495527162586111, 'C0002395': 0.06561662942349211}"
96,C0040162,thyrotropin-releasing hormone,AAPP,"{'C0037313': 0.06487154588536262, 'C0002395': 0.06508907206016228}"
97,C0006949,carbamazepine,ORCH,"{'C0037313': 0.06482664656113718, 'C0002395': 0.06437936965825317}"
98,C0079633,interleukin-8,AAPP,"{'C0037313': 0.06480461706314908, 'C0002395': 0.06426939086483267}"
99,C0039663,dronabinol,ORCH,"{'C0037313': 0.06476362630048434, 'C0002395': 0.06406445911514963}"
100,C0000379,"3,4-Methylenedioxyamphetamine",ORCH,"{'C0037313': 0.06454398974783113, 'C0002395': 0.06344932507712514}"
101,C0000975,acetate,ORCH,"{'C0037313': 0.06436304626120568, 'C0002395': 0.06336608886117676}"
102,C0162758,Serotonin Uptake Inhibitors,PHSU,"{'C0037313': 0.06368728423555538, 'C0002395': 0.0629675305081528}"
103,C0041485,tyrosine,AAPP,"{'C0037313': 0.0635957927933966, 'C0002395': 0.06273871833654344}"
104,C0282554,chemokine,AAPP,"{'C0037313': 0.06346533145970572, 'C0002395': 0.06256726277344536}"
105,C0006684,Calcium Channel Blockers,PHSU,"{'C0037313': 0.06343041956035604, 'C0002395': 0.0624808938805503}"
106,C0020591,Hypnotics,PHSU,"{'C0037313': 0.06321712740029213, 'C0002395': 0.062030913157425746}"
107,C0010654,cysteine,AAPP,"{'C0037313': 0.06297788555607353, 'C0002395': 0.06191892195936274}"
108,C0003286,Anticonvulsants,PHSU,"{'C0037313': 0.06270666441897246, 'C0002395': 0.06127773232958181}"
109,C0024337,lysine,AAPP,"{'C0037313': 0.06252840870825054, 'C0002395': 0.0608676247974938}"
110,C1305923,Polypeptides,AAPP,"{'C0037313': 0.062425556403597884, 'C0002395': 0.060820654912890855}"
111,C0025810,methylphenidate,ORCH,"{'C0037313': 0.0623808043131168, 'C0002395': 0.0607770452519429}"
112,C0033640,Protein Kinases,AAPP,"{'C0037313': 0.06221958514240526, 'C0002395': 0.06058087654913147}"
113,C0040845,tretinoin,ORCH,"{'C0037313': 0.0611478427052045, 'C0002395': 0.06052833551117591}"
114,C0018061,Gonadotropins,AAPP,"{'C0037313': 0.06112117558682, 'C0002395': 0.060200142796963056}"
115,C0025646,methionine,AAPP,"{'C0037313': 0.060146867665002775, 'C0002395': 0.05962973898122735}"
116,C0042839,vitamin A,ORCH,"{'C0037313': 0.05992415191982549, 'C0002395': 0.05961731361547483}"
117,C0036557,Sedatives,PHSU,"{'C0037313': 0.059562961235800446, 'C0002395': 0.05958844972179486}"
118,C0031412,phenobarbital,ORCH,"{'C0037313': 0.05947996917088932, 'C0002395': 0.05937662547086933}"
119,C0022180,isoflurane,ORCH,"{'C0037313': 0.05922195189862151, 'C0002395': 0.059199834806248165}"
120,C0018850,Heat shock proteins,AAPP,"{'C0037313': 0.05916016344046767, 'C0002395': 0.05911734016302117}"
121,C0086376,GTP-Binding Proteins,AAPP,"{'C0037313': 0.05907379512078425, 'C0002395': 0.05887511808516406}"
122,C0036720,serine,AAPP,"{'C0037313': 0.058887825077947265, 'C0002395': 0.058775256543303095}"
123,C0008328|885,NAME_NOT_FOUND,AAPP,"{'C0037313': 0.05862478118321113, 'C0002395': 0.05872465170602907}"
124,C0031507,phenytoin,ORCH,"{'C0037313': 0.05858243450045764, 'C0002395': 0.05829084982250762}"
125,C0040165,levothyroxine,AAPP,"{'C0037313': 0.05852638875820833, 'C0002395': 0.05737644164000664}"
126,C0245109,anakinra,AAPP,"{'C0037313': 0.05842755001772609, 'C0002395': 0.05711737759984633}"
127,C0020740,ibuprofen,ORCH,"{'C0037313': 0.05840220813443256, 'C0002395': 0.05708752690344744}"
128,C0008328,cholecystokinin,AAPP,"{'C0037313': 0.05835840780789189, 'C0002395': 0.056858977760326904}"
129,C0009079,clozapine,ORCH,"{'C0037313': 0.05823113838874695, 'C0002395': 0.056445922937023225}"
130,C0003018,Angiotensins,AAPP,"{'C0037313': 0.0581980200002615, 'C0002395': 0.056266682148872996}"
131,C0010762,Cytochrome P450,AAPP,"{'C0037313': 0.058168206048694014, 'C0002395': 0.05612244587433628}"
132,C0030940,Peptide Hydrolases,AAPP,"{'C0037313': 0.05789898012419007, 'C0002395': 0.05607757609421984}"
133,C0006864,Cannabinoids,ORCH,"{'C0037313': 0.05786131987660593, 'C0002395': 0.056011342001602536}"
134,C0006230,bromocriptine,ORCH,"{'C0037313': 0.057674349976796234, 'C0002395': 0.055788365854842537}"
135,C0021760|3569,NAME_NOT_FOUND,AAPP,"{'C0037313': 0.05743355232249271, 'C0002395': 0.055529423714568135}"
136,C0006945,carbachol,ORCH,"{'C0037313': 0.05741948868111233, 'C0002395': 0.05542219661564736}"
137,C0027360,naltrexone,ORCH,"{'C0037313': 0.057395251101424016, 'C0002395': 0.05529235330894851}"
138,C0034830,Nicotinic Receptors,AAPP,"{'C0037313': 0.05735826727408732, 'C0002395': 0.055171913540819593}"
139,C1113688,orexins,AAPP,"{'C0037313': 0.05731293810892203, 'C0002395': 0.054595611139598516}"
140,C0360714,Hydroxymethylglutaryl-CoA Reductase Inhibitors,ORCH,"{'C0037313': 0.057209378639054016, 'C0002395': 0.054521731866424054}"
141,C0351745,NAME_NOT_FOUND,PHSU,"{'C0037313': 0.05690597935857598, 'C0002395': 0.054417570375477835}"
142,C0008845,citalopram,ORCH,"{'C0037313': 0.056851299507242437, 'C0002395': 0.05422415060033906}"
143,C0011685,desipramine,ORCH,"{'C0037313': 0.05627304215260465, 'C0002395': 0.05398989687138811}"
144,C0002600,amitriptyline,ORCH,"{'C0037313': 0.05594793435049, 'C0002395': 0.053919575409050007}"
145,C0813872,MK-801,ORCH,"{'C0037313': 0.0556023927539728, 'C0002395': 0.0539064622470253}"
146,C0060926,gabapentin,ORCH,"{'C0037313': 0.05551655677858004, 'C0002395': 0.05364589390910979}"
147,C0040160,thyrotropin,AAPP,"{'C0037313': 0.055473389544212846, 'C0002395': 0.053485860578690064}"
148,C0006938,captopril,AAPP,"{'C0037313': 0.05524630064312594, 'C0002395': 0.05334998556239689}"
149,C0171023,olanzapine,ORCH,"{'C0037313': 0.05524276584384387, 'C0002395': 0.053102658321109907}"
150,C0060993,Galanin,AAPP,"{'C0037313': 0.05503324389903891, 'C0002395': 0.05299429447960476}"
151,C0003596,apomorphine,ORCH,"{'C0037313': 0.05493518650932011, 'C0002395': 0.05262121437809106}"
152,C0003290,Tricyclic Antidepressive Agents,ORCH,"{'C0037313': 0.0544626946482319, 'C0002395': 0.05231129368993631}"
153,C0001898,alanine,AAPP,"{'C0037313': 0.05390925518987705, 'C0002395': 0.051700451593832526}"
154,C0027754,Nerve Growth Factors,AAPP,"{'C0037313': 0.05378069315811691, 'C0002395': 0.05163955097818954}"
155,C0682972,G-Protein-Coupled Receptors,AAPP,"{'C0037313': 0.05353554392923323, 'C0002395': 0.05162814286727287}"
156,C0003299,Antiepileptic Agents,PHSU,"{'C0037313': 0.053291462384185376, 'C0002395': 0.051424450121223056}"
157,C0006685,Calcium Channel,AAPP,"{'C0037313': 0.05327045580793722, 'C0002395': 0.051149944615274986}"
158,C0242210,Binding Proteins,AAPP,"{'C0037313': 0.05307960271241849, 'C0002395': 0.05111168585389399}"
159,C0079460,Granulocyte-Macrophage Colony-Stimulating Factor,AAPP,"{'C0037313': 0.05306802413069756, 'C0002395': 0.05109919787796792}"
160,C0034792,Cholinergic Receptors,AAPP,"{'C0037313': 0.052731389241768276, 'C0002395': 0.05076195143520698}"
161,C0013023,Dopa,AAPP,"{'C0037313': 0.05273064586545711, 'C0002395': 0.05062505840036558}"
162,C0070122,paroxetine,ORCH,"{'C0037313': 0.05211589761589319, 'C0002395': 0.05060427356010507}"
163,C0007578,Cell Adhesion Molecules,AAPP,"{'C0037313': 0.05203501521962178, 'C0002395': 0.050555290878963106}"
164,C0076829,topiramate,ORCH,"{'C0037313': 0.0518635683602005, 'C0002395': 0.05046656349235847}"
165,C0443640,Specific antibody,AAPP,"{'C0037313': 0.051615609494823175, 'C0002395': 0.05021766041523062}"
166,C0012798,Diuretics,PHSU,"{'C0037313': 0.05159394824318359, 'C0002395': 0.05001016030493552}"
167,C0012373,diltiazem,ORCH,"{'C0037313': 0.051434852726183214, 'C0002395': 0.04991719342167934}"
168,C0002199,Interferon-alpha,AAPP,"{'C0037313': 0.051246628294021865, 'C0002395': 0.049551342251867435}"
169,C0669368,Nitric Oxide Synthase Type I,AAPP,"{'C0037313': 0.05095370189235488, 'C0002395': 0.04931989149554104}"
170,C0015879,Ferritin,AAPP,"{'C0037313': 0.050931566896717434, 'C0002395': 0.04929969765415577}"
171,C0074554,simvastatin,ORCH,"{'C0037313': 0.05087115563886897, 'C0002395': 0.04928536812939316}"
172,C0001924|213,NAME_NOT_FOUND,AAPP,"{'C0037313': 0.05082928838783876, 'C0002395': 0.04897868900898901}"
173,C0020364,Mixed Function Oxygenases,AAPP,"{'C0037313': 0.05069085568124839, 'C0002395': 0.04876933999101704}"
174,C0064636,lamotrigine,ORCH,"{'C0037313': 0.05063035853598396, 'C0002395': 0.04866250578280607}"
175,C0059438,epigallocatechin gallate,ORCH,"{'C0037313': 0.0505553352814993, 'C0002395': 0.04845985914899636}"
176,C0016026,Fibroblast Growth Factor,AAPP,"{'C0037313': 0.050373363590109604, 'C0002395': 0.04828262834197542}"
177,C0599682,monoamine,ORCH,"{'C0037313': 0.05013303200514609, 'C0002395': 0.04774704937076636}"
178,C0036442,scopolamine,ORCH,"{'C0037313': 0.049972417931561444, 'C0002395': 0.04752035764371129}"
179,C0285890,alpha-Synuclein,AAPP,"{'C0037313': 0.04987879143103461, 'C0002395': 0.04745859979171702}"
180,C0600388,Extracellular Signal Regulated Kinases,AAPP,"{'C0037313': 0.04986371906003534, 'C0002395': 0.047450417932329875}"
181,C0004358,Autoantibodies,AAPP,"{'C0037313': 0.049581030503241974, 'C0002395': 0.04728895934929788}"
182,C0206588,"Receptors, Nuclear",AAPP,"{'C0037313': 0.04933348845377298, 'C0002395': 0.047240682092167016}"
183,C0243043|3308,NAME_NOT_FOUND,AAPP,"{'C0037313': 0.049214224829768616, 'C0002395': 0.04710196788015224}"
184,C0034826,Muscarinic Acetylcholine Receptor,AAPP,"{'C0037313': 0.049149005892676574, 'C0002395': 0.0467752363990551}"
185,C0073393,risperidone,ORCH,"{'C0037313': 0.04896665469973745, 'C0002395': 0.046668550257734816}"
186,C0026454,Monoamine Oxidase,AAPP,"{'C0037313': 0.04875123917281275, 'C0002395': 0.046651067479315696}"
187,C0596577,Flavonoids,ORCH,"{'C0037313': 0.048538122770116765, 'C0002395': 0.046465358620556854}"
188,C0724441,yohimbine,ORCH,"{'C0037313': 0.04837793051891216, 'C0002395': 0.045959081729992524}"
189,C0383327,Interleukin-18,AAPP,"{'C0037313': 0.048124153232692514, 'C0002395': 0.045797822545315205}"
190,C0178638,folate,ORCH,"{'C0037313': 0.04797823988908476, 'C0002395': 0.045558440399295304}"
191,C0701303,R-38486,PHSU,"{'C0037313': 0.04772159817770418, 'C0002395': 0.0454395272217599}"
192,C0114838,dopamine transporter,AAPP,"{'C0037313': 0.04743863887924908, 'C0002395': 0.045291714986972625}"
193,C0001271,Actins,AAPP,"{'C0037313': 0.04739043298631724, 'C0002395': 0.044882868983431766}"
194,C0013355,Dynorphins,AAPP,"{'C0037313': 0.04738783802126681, 'C0002395': 0.04487723893218289}"
195,C0066677,modafinil,ORCH,"{'C0037313': 0.046985585591206684, 'C0002395': 0.04469106871957315}"
196,C0041014,liothyronine,AAPP,"{'C0037313': 0.04690310407665897, 'C0002395': 0.04460412671407923}"
197,C0027930|4922,NAME_NOT_FOUND,AAPP,"{'C0037313': 0.04663621085759389, 'C0002395': 0.044482909422180604}"
198,C0079459,Granulocyte Colony-Stimulating Factor,AAPP,"{'C0037313': 0.04649226487179444, 'C0002395': 0.044330535843416854}"
199,C1321919|7099,NAME_NOT_FOUND,AAPP,"{'C0037313': 0.04648559807432021, 'C0002395': 0.044141533293562366}"
200,C0053396,beta carotene,ORCH,"{'C0037313': 0.046243747616820395, 'C0002395': 0.04356340681110982}"
201,C0078839,zolpidem,ORCH,"{'C0037313': 0.04621219376646063, 'C0002395': 0.043436300859925475}"
202,C0040162|7200,NAME_NOT_FOUND,AAPP,"{'C0037313': 0.04620231370094872, 'C0002395': 0.043303878291754215}"
203,C0037668,Somatotropin-Releasing Hormone,AAPP,"{'C0037313': 0.04619819148704094, 'C0002395': 0.04322941578845753}"
204,C0003209,Anti-Inflammatory Agents,PHSU,"{'C0037313': 0.04617250068390155, 'C0002395': 0.043108653127303595}"
205,C0012091,diclofenac,ORCH,"{'C0037313': 0.04604509212664801, 'C0002395': 0.04288324143718626}"
206,C0529793,sildenafil,ORCH,"{'C0037313': 0.04589595451861054, 'C0002395': 0.0428579770421948}"
207,C1610033|3439,NAME_NOT_FOUND,AAPP,"{'C0037313': 0.045650734938099236, 'C0002395': 0.042722538621708536}"
208,C1328819,Small Molecule,ORCH,"{'C0037313': 0.0454819849719664, 'C0002395': 0.04230979252304093}"
209,C0074393,sertraline,ORCH,"{'C0037313': 0.04541881413105183, 'C0002395': 0.04219055469379843}"
210,C0008269,chloroquine,ORCH,"{'C0037313': 0.0454123715391056, 'C0002395': 0.04212874179755073}"
211,C0002302,alpha-Melanocyte stimulating hormone,AAPP,"{'C0037313': 0.045121119734241134, 'C0002395': 0.04211963424514256}"
212,C0017837,Glutathione S-Transferase,AAPP,"{'C0037313': 0.045115626468248245, 'C0002395': 0.04197815729455994}"
213,C0044602,1-Phosphatidylinositol 3-Kinase,AAPP,"{'C0037313': 0.04506860457778675, 'C0002395': 0.04170599560022571}"
214,C0001471,"Receptors, Purinergic P1",AAPP,"{'C0037313': 0.04490264869626054, 'C0002395': 0.04150976457571993}"
215,C0056695|1385,NAME_NOT_FOUND,AAPP,"{'C0037313': 0.044866870143013916, 'C0002395': 0.04142200527058517}"
216,C0003364,Antihypertensive Agents,PHSU,"{'C0037313': 0.044631161725263956, 'C0002395': 0.041139390858326796}"
217,C0032433,Polyamines,ORCH,"{'C0037313': 0.04444456790267219, 'C0002395': 0.04088533680410387}"
218,C0021753|3553,NAME_NOT_FOUND,AAPP,"{'C0037313': 0.044312432281154064, 'C0002395': 0.04081502969764889}"
219,C0003360,NAME_NOT_FOUND,PHSU,"{'C0037313': 0.04386784721198565, 'C0002395': 0.040233944392049484}"
220,C0004745,Barbiturates,ORCH,"{'C0037313': 0.043782213535949965, 'C0002395': 0.04001261921611306}"
221,C0006863,cannabidiol,ORCH,"{'C0037313': 0.04360615871816511, 'C0002395': 0.03995052014539429}"
222,C0010132|1392,NAME_NOT_FOUND,AAPP,"{'C0037313': 0.04349129507419905, 'C0002395': 0.03976473867652022}"
223,C0054594,cannabinoid receptor,AAPP,"{'C0037313': 0.043282093565605605, 'C0002395': 0.039577726036581294}"
224,C0021764,Interleukins,AAPP,"{'C0037313': 0.04324681286402467, 'C0002395': 0.03950363298839281}"
225,C0039925,thiopental,ORCH,"{'C0037313': 0.043103173585019736, 'C0002395': 0.03905981542602208}"
226,C0206518,GABA Receptor,AAPP,"{'C0037313': 0.04309950486157854, 'C0002395': 0.039022545114976485}"
227,C0022471,Kainic Acid,ORCH,"{'C0037313': 0.043040024867797004, 'C0002395': 0.038844546476976216}"
228,C0023823,Low-Density Lipoproteins,AAPP,"{'C0037313': 0.042978523924387196, 'C0002395': 0.0387958189271913}"
229,C0009010,clomipramine,ORCH,"{'C0037313': 0.042940485522471636, 'C0002395': 0.038691776734727214}"
230,C0054450,Calcineurin,AAPP,"{'C0037313': 0.04262876132287752, 'C0002395': 0.038543390211039814}"
231,C0002482,Amides,ORCH,"{'C0037313': 0.04262697394639102, 'C0002395': 0.038230742256422215}"
232,C0205923,Benzodiazepine Receptor,AAPP,"{'C0037313': 0.042403113003892774, 'C0002395': 0.03816746934654834}"
233,C0206529,"Receptors, Metabotropic Glutamate",AAPP,"{'C0037313': 0.042351549357542734, 'C0002395': 0.03803263186169642}"
234,C0071163|116|51237,NAME_NOT_FOUND,AAPP,"{'C0037313': 0.04222121558490552, 'C0002395': 0.037885249663648826}"
235,C0005525,Biological Response Modifiers,PHSU,"{'C0037313': 0.04208533318875166, 'C0002395': 0.0377430150215022}"
236,C0015980,interferon-beta,AAPP,"{'C0037313': 0.0419434598699544, 'C0002395': 0.03730897019747166}"
237,C0025242,memantine,ORCH,"{'C0037313': 0.04180997402048108, 'C0002395': 0.03721128539661045}"
238,C0007974,Chelating Agents,PHSU,"{'C0037313': 0.04172823522039382, 'C0002395': 0.036898200865078015}"
239,C0028027,niacinamide,ORCH,"{'C0037313': 0.04171743759006206, 'C0002395': 0.03663293589886505}"
240,C0050079,8-Hydroxy-2-(di-n-propylamino)tetralin,ORCH,"{'C0037313': 0.0413950589458747, 'C0002395': 0.036320153517500994}"
241,C0666743,infliximab,AAPP,"{'C0037313': 0.041207280663185464, 'C0002395': 0.03631491043074402}"
242,C1276996,Atypical antipsychotic,PHSU,"{'C0037313': 0.041150564327458256, 'C0002395': 0.036259666064166605}"
243,C0000966,acetaldehyde,ORCH,"{'C0037313': 0.04113416665634569, 'C0002395': 0.036064805854415606}"
244,C0299792,aripiprazole,ORCH,"{'C0037313': 0.0411051105638294, 'C0002395': 0.03578227600741781}"
245,C0042845,vitamin B12,ORCH,"{'C0037313': 0.04091902667948879, 'C0002395': 0.03577499161051195}"
246,C0006462,buspirone,ORCH,"{'C0037313': 0.04089476690243204, 'C0002395': 0.03568196502158825}"
247,C0061516,glutathione disulfide,AAPP,"{'C0037313': 0.04082863587270708, 'C0002395': 0.03564076682043529}"
248,C0022179,Isoflavones,ORCH,"{'C0037313': 0.040508971461323595, 'C0002395': 0.035626835289584914}"
249,C0243041,Molecular Chaperones,AAPP,"{'C0037313': 0.040430622069614695, 'C0002395': 0.03548485979969054}"
250,C0085151,Amyloid beta-Protein Precursor,AAPP,"{'C0037313': 0.04042817240155694, 'C0002395': 0.03548197275956108}"
251,C0032824,Potassium Channel,AAPP,"{'C0037313': 0.04039866148387392, 'C0002395': 0.03534735336241132}"
252,C0243046,Excitatory Amino Acids,AAPP,"{'C0037313': 0.04032199225161101, 'C0002395': 0.03532916290802785}"
253,C0123091,quetiapine,ORCH,"{'C0037313': 0.04029691287777133, 'C0002395': 0.03529793641738778}"
254,C0379900,"Receptor, Serotonin, 5-HT1A",AAPP,"{'C0037313': 0.040081241926119955, 'C0002395': 0.03512053510095756}"
255,C0243044|3320,NAME_NOT_FOUND,AAPP,"{'C0037313': 0.04000671532189069, 'C0002395': 0.03485618036211425}"
256,C0132298,neurotrophic factor,AAPP,"{'C0037313': 0.040003697926681125, 'C0002395': 0.03472312905474663}"
257,C0033978,Psychotropic Drugs,PHSU,"{'C0037313': 0.039982329089995376, 'C0002395': 0.03471300674491843}"
258,C0377265,levetiracetam,ORCH,"{'C0037313': 0.03963276265875142, 'C0002395': 0.034541903648710466}"
259,C0005575,biotin,ORCH,"{'C0037313': 0.0394273340740244, 'C0002395': 0.03449792803996649}"
260,C0024808,Marihuana,ORCH,"{'C0037313': 0.03936647893046307, 'C0002395': 0.03426868565843254}"
261,C0214743,Interleukin-13,AAPP,"{'C0037313': 0.03933396023164567, 'C0002395': 0.034022411173992774}"
262,C0008546,Chromatin,AAPP,"{'C0037313': 0.0393279612776665, 'C0002395': 0.033920160563822216}"
263,C0085542,pravastatin,ORCH,"{'C0037313': 0.03929536419961346, 'C0002395': 0.03377068346316447}"
264,C0031923,pilocarpine,ORCH,"{'C0037313': 0.03924256887019507, 'C0002395': 0.033272390362630126}"
265,C0049506,mirtazapine,ORCH,"{'C0037313': 0.039168316631584606, 'C0002395': 0.03317213927010212}"
266,C0220918,succinate,ORCH,"{'C0037313': 0.039049535393113746, 'C0002395': 0.03314649561370304}"
267,C0031849,physostigmine,ORCH,"{'C0037313': 0.039032549314640674, 'C0002395': 0.033136620117063045}"
268,C0527316,donepezil,ORCH,"{'C0037313': 0.03900154575282461, 'C0002395': 0.03302487497429815}"
269,C0123707,Insulin-Like Growth Factor Binding Protein 3,AAPP,"{'C0037313': 0.03880108677158078, 'C0002395': 0.03298583542621282}"
270,C0598695,NMDA receptor antagonist,PHSU,"{'C0037313': 0.038498948428841946, 'C0002395': 0.03294014767882081}"
271,C0699680,Metric (substance),ORCH,"{'C0037313': 0.03819492734793898, 'C0002395': 0.03280267226403638}"
272,C0027410,Narcotic Antagonists,PHSU,"{'C0037313': 0.03806740525013063, 'C0002395': 0.03271364621202841}"
273,C0034838,serotonin receptor,AAPP,"{'C0037313': 0.03798684268373992, 'C0002395': 0.0323050921822273}"
274,C0003392,Antineoplastic Agents,PHSU,"{'C0037313': 0.03768348320661578, 'C0002395': 0.03199023177894724}"
275,C0009011,clonazepam,ORCH,"{'C0037313': 0.03767213734290468, 'C0002395': 0.03194395733501552}"
276,C0017785,Glutamate Decarboxylase,AAPP,"{'C0037313': 0.037479482992106274, 'C0002395': 0.031875774190718624}"
277,C0000981,acetazolamide,ORCH,"{'C0037313': 0.03739430216450339, 'C0002395': 0.03159409581752137}"
278,C0026457,Monoamine Oxidase Inhibitors,PHSU,"{'C0037313': 0.037190211079264054, 'C0002395': 0.031587669794627085}"
279,C0966897,hepcidin,AAPP,"{'C0037313': 0.036867974885476856, 'C0002395': 0.03140124307500287}"
280,C0033164,Prions,AAPP,"{'C0037313': 0.03686384213480439, 'C0002395': 0.03133621011772849}"
281,C0166415,PPAR alpha,AAPP,"{'C0037313': 0.036295027127303474, 'C0002395': 0.03105493649232787}"
282,C0243043,Heat-Shock Proteins 70,AAPP,"{'C0037313': 0.03626283990218006, 'C0002395': 0.030933192507235086}"
283,C0207072,Glial Cell Line-Derived Neurotrophic Factor,AAPP,"{'C0037313': 0.03621323019680306, 'C0002395': 0.030923889457651864}"
284,C0070358|5697,NAME_NOT_FOUND,AAPP,"{'C0037313': 0.036119549944396465, 'C0002395': 0.03086949164387119}"
285,C0071163,pituitary adenylate cyclase activating polypeptide,AAPP,"{'C0037313': 0.03586340864228415, 'C0002395': 0.030816383944027543}"
286,C0017801,Glutamate-Ammonia Ligase,AAPP,"{'C0037313': 0.03570380298341618, 'C0002395': 0.030627178602058984}"
287,C0024027,lovastatin,ORCH,"{'C0037313': 0.03505452900123585, 'C0002395': 0.030594690356647924}"
288,C0245561,duloxetine,ORCH,"{'C0037313': 0.03462395609860678, 'C0002395': 0.030546065040444107}"
289,C0040879,triazolam,ORCH,"{'C0037313': 0.03446602339063585, 'C0002395': 0.030498658562180272}"
290,C0034140,Purines,ORCH,"{'C0037313': 0.03436405065521273, 'C0002395': 0.0304699592099796}"
291,C0142046|2691,NAME_NOT_FOUND,AAPP,"{'C0037313': 0.03424916926493227, 'C0002395': 0.030191904709929083}"
292,C0065911,Melatonin Receptors,AAPP,"{'C0037313': 0.03420841874030244, 'C0002395': 0.030117611882903773}"
293,C0001648,Adrenergic Agonists,PHSU,"{'C0037313': 0.03418503295721115, 'C0002395': 0.03007769966847227}"
294,C0254610,Interleukin-15,AAPP,"{'C0037313': 0.033952044568813455, 'C0002395': 0.030058839618264065}"
295,C0065898,melanin-concentrating hormone,AAPP,"{'C0037313': 0.03371124832710908, 'C0002395': 0.03005115210623362}"
296,C0026455,Monoamine Oxidase A,AAPP,"{'C0037313': 0.033586756532954544, 'C0002395': 0.030027391649148086}"
297,C0004015,aspartic acid,AAPP,"{'C0037313': 0.03318304260487162, 'C0002395': 0.029943106559589445}"
298,C0024297,Lymphokines,AAPP,"{'C0037313': 0.033018696090883815, 'C0002395': 0.029664213109329915}"
299,C0719453,Compete,ORCH,"{'C0037313': 0.032760010465007094, 'C0002395': 0.02934058820436697}"
300,C0083735,neurotrophin 3,AAPP,"{'C0037313': 0.03257056464101948, 'C0002395': 0.02923389453556881}"
301,C0115305,E-Selectin,AAPP,"{'C0037313': 0.0323586271271416, 'C0002395': 0.029217906067338657}"
302,C0597192,peptide hormone,AAPP,"{'C0037313': 0.03217219011933295, 'C0002395': 0.02921079334165396}"
303,C1099456,escitalopram,ORCH,"{'C0037313': 0.03204519642364492, 'C0002395': 0.02916827712154682}"
304,C0244988,glycogen synthase kinase 3 beta,AAPP,"{'C0037313': 0.03184718202885112, 'C0002395': 0.029051299809321217}"
305,C0040805,trazodone,ORCH,"{'C0037313': 0.03183370434075504, 'C0002395': 0.029048975045059877}"
306,C0030298,Pancreatic Polypeptide,AAPP,"{'C0037313': 0.03169637711174435, 'C0002395': 0.028856756440487432}"
307,C0063327,Idazoxan,ORCH,"{'C0037313': 0.031444754976958506, 'C0002395': 0.028831165170030534}"
308,C0007407,Catechol O-Methyltransferase,AAPP,"{'C0037313': 0.03144438158777434, 'C0002395': 0.02881458137428447}"
309,C0039245,tacrine,ORCH,"{'C0037313': 0.03133835004490996, 'C0002395': 0.028442771566011577}"
310,C0001641,Adrenergic alpha-Antagonists,PHSU,"{'C0037313': 0.03130066199570936, 'C0002395': 0.028355704441314074}"
311,C0056695|820,NAME_NOT_FOUND,AAPP,"{'C0037313': 0.031050771629731813, 'C0002395': 0.02813766753441276}"
312,C0034836,Purinoceptor,AAPP,"{'C0037313': 0.030905631665567035, 'C0002395': 0.027517546310288327}"
313,C0000503,oxybate,ORCH,"{'C0037313': 0.030886654584019336, 'C0002395': 0.027242401688640266}"
314,C0013032,Dopamine-beta-monooxygenase,AAPP,"{'C0037313': 0.030700470441644843, 'C0002395': 0.027226608577850336}"
315,C0073379,riluzole,ORCH,"{'C0037313': 0.03066817069335651, 'C0002395': 0.026809501602733876}"
316,C0036734,Serine Endopeptidases,AAPP,"{'C0037313': 0.030634630375374908, 'C0002395': 0.02664195239367546}"
317,C0041964,urethane,ORCH,"{'C0037313': 0.030580300523769494, 'C0002395': 0.026608123348938407}"
318,C0163712,Relate - vinyl resin,ORCH,"{'C0037313': 0.03045369728186309, 'C0002395': 0.026591436768747163}"
319,C0002763,Central Nervous System Stimulants,PHSU,"{'C0037313': 0.030395349672063594, 'C0002395': 0.02640631473413378}"
320,C0358591,Proton Pump Inhibitors,PHSU,"{'C0037313': 0.03038244069902865, 'C0002395': 0.026363378976809276}"
321,C0027893,neuropeptide Y,AAPP,"{'C0037313': 0.030355544862164165, 'C0002395': 0.026130793459283982}"
322,C0025029,mecamylamine,ORCH,"{'C0037313': 0.030297307061750663, 'C0002395': 0.026054287012448545}"
323,C0212320|10153,NAME_NOT_FOUND,AAPP,"{'C0037313': 0.030285424307237883, 'C0002395': 0.02594045567425758}"
324,C0248868|818,NAME_NOT_FOUND,AAPP,"{'C0037313': 0.030262434054996873, 'C0002395': 0.025924907220049403}"
325,C1530358|2033,NAME_NOT_FOUND,AAPP,"{'C0037313': 0.03021988074772972, 'C0002395': 0.025815202141446628}"
326,C0593802,Aromatase Inhibitors,PHSU,"{'C0037313': 0.029877023161158017, 'C0002395': 0.02571998655034697}"
327,C0077503,Tumor Necrosis Factor Receptor,AAPP,"{'C0037313': 0.029421198843856564, 'C0002395': 0.025483744377344155}"
328,C0597336,Quantitative Trait Loci,AAPP,"{'C0037313': 0.029370344517384014, 'C0002395': 0.025291315698698115}"
329,C0074479|4489|4490|4493|4494|4495|4496|4498|4499|4500|4501|4543|56052|644314,NAME_NOT_FOUND,AAPP,"{'C0037313': 0.029330868281109305, 'C0002395': 0.02458729152777229}"
330,C0289174|22954,NAME_NOT_FOUND,AAPP,"{'C0037313': 0.029306988369472264, 'C0002395': 0.024504522624649572}"
331,C0242896,Anticholinergic Agents,PHSU,"{'C0037313': 0.029100844201324867, 'C0002395': 0.024429913865846215}"
332,C0248813|3725,NAME_NOT_FOUND,AAPP,"{'C0037313': 0.028104605055793666, 'C0002395': 0.024396417731586385}"
333,C0025741,methyldopa,AAPP,"{'C0037313': 0.02797320310174713, 'C0002395': 0.024269649935499713}"
334,C1533126,milnacipran,ORCH,"{'C0037313': 0.027295354961738023, 'C0002395': 0.02422457791215956}"
335,C0166418,Peroxisome Proliferator-Activated Receptors,AAPP,"{'C0037313': 0.027220633871287096, 'C0002395': 0.024195716683607604}"
336,C0034828,Neurotransmitter Receptor,AAPP,"{'C0037313': 0.027058553504965475, 'C0002395': 0.024026023551532643}"
337,C0024320,Tumor Necrosis Factor-Beta,AAPP,"{'C0037313': 0.026537302828281067, 'C0002395': 0.023991822360699487}"
338,C0207262,HMG coenzyme A reductase (NADPH) kinase,AAPP,"{'C0037313': 0.026436798391056542, 'C0002395': 0.02329596087227362}"
339,C1565316,ramelteon,ORCH,"{'C0037313': 0.025382943658055202, 'C0002395': 0.0229927996416129}"
340,C0010852,Cytoskeletal Proteins,AAPP,"{'C0037313': 0.025376590663105072, 'C0002395': 0.022947692742672283}"
341,C0034338,pyruvaldehyde,ORCH,"{'C0037313': 0.025339351587198657, 'C0002395': 0.02290529665460354}"
342,C0001046,Acetylcholinesterase Inhibitors,PHSU,"{'C0037313': 0.025296691862048106, 'C0002395': 0.022852434160064827}"
343,C0013036,Dopaminergic Agents,PHSU,"{'C0037313': 0.025289452831348105, 'C0002395': 0.022594762500477858}"
344,C0074710,pramipexole,ORCH,"{'C0037313': 0.025266288957428586, 'C0002395': 0.022322730963208505}"
345,C0596588|2353,NAME_NOT_FOUND,AAPP,"{'C0037313': 0.025236554237105187, 'C0002395': 0.022066377390534932}"
346,C0912024,apigenin,ORCH,"{'C0037313': 0.025164371344628657, 'C0002395': 0.021898764213800596}"
347,C0052430,artemisinine,ORCH,"{'C0037313': 0.025081515238458068, 'C0002395': 0.021873145889008228}"
348,C0168388,reboxetine,ORCH,"{'C0037313': 0.024875827701497273, 'C0002395': 0.02175016070768122}"
349,C0079349,fibroblast growth factor-1,AAPP,"{'C0037313': 0.024851981449603978, 'C0002395': 0.021682892004372137}"
350,C0011228,Delta Sleep-Inducing Peptide,AAPP,"{'C0037313': 0.02471184791525029, 'C0002395': 0.021382106717048814}"
351,C1137275,"Receptor, Melatonin, MT2",AAPP,"{'C0037313': 0.02460004297711725, 'C0002395': 0.020888199189243967}"
352,C0034815,Histamine H2 Receptors,AAPP,"{'C0037313': 0.024561924681281516, 'C0002395': 0.02086793267175975}"
353,C0076652,tianeptine,ORCH,"{'C0037313': 0.0244940364402139, 'C0002395': 0.02069762426081176}"
354,C0242974,GABA Agonists,PHSU,"{'C0037313': 0.02448550579967714, 'C0002395': 0.02040827155314811}"
355,C0136073,Peptidylprolyl Isomerase,AAPP,"{'C0037313': 0.02437321484628486, 'C0002395': 0.020289117269972557}"
356,C0162827,Excitatory Amino Acid Receptor,AAPP,"{'C0037313': 0.023905324168564678, 'C0002395': 0.019749479487801494}"
357,C0066563|1667|4141|8011|148398,NAME_NOT_FOUND,AAPP,"{'C0037313': 0.023789860879164994, 'C0002395': 0.019631219530282608}"
358,C0052929,baicalin,ORCH,"{'C0037313': 0.023747565862027482, 'C0002395': 0.01956764994547481}"
359,C0040778,tranylcypromine,ORCH,"{'C0037313': 0.023618715964674346, 'C0002395': 0.01935077496288615}"
360,C0243044,HSP90 Heat-Shock Proteins,AAPP,"{'C0037313': 0.02326840753529335, 'C0002395': 0.019091479730486784}"
361,C0027895|594857,NAME_NOT_FOUND,AAPP,"{'C0037313': 0.02304666727348507, 'C0002395': 0.018972059020065754}"
362,C0085177,RNA-Binding Proteins,AAPP,"{'C0037313': 0.02289670835073278, 'C0002395': 0.01894938281194643}"
363,C0044170,1-(3-chlorophenyl)piperazine,ORCH,"{'C0037313': 0.02285243178300265, 'C0002395': 0.018755329634653244}"
364,C0282552,beta-Chemokines,AAPP,"{'C0037313': 0.02283183992689145, 'C0002395': 0.018352645108143467}"
365,C0029997,oxazepam,ORCH,"{'C0037313': 0.02270141649719585, 'C0002395': 0.018295703306609387}"
366,C0531004,fatty acid amide hydrolase,AAPP,"{'C0037313': 0.02267264085868318, 'C0002395': 0.01821579305568189}"
367,C0751455,"Gene Products, Protein",AAPP,"{'C0037313': 0.022504734701135495, 'C0002395': 0.017887220719978506}"
368,C0066563|4306,NAME_NOT_FOUND,AAPP,"{'C0037313': 0.022372804176518712, 'C0002395': 0.01783741342750052}"
369,C0242947,Muscarinic Agonists,ORCH,"{'C0037313': 0.02235241789393847, 'C0002395': 0.017766284641080356}"
370,C0008145,Chitinases,AAPP,"{'C0037313': 0.02204062376637821, 'C0002395': 0.017698722427743042}"
371,C0043479,Zimeldine,ORCH,"{'C0037313': 0.022033239526233483, 'C0002395': 0.01763942665688951}"
372,C1522002,RNA Recognition Motif,AAPP,"{'C0037313': 0.021770964974755082, 'C0002395': 0.017460383887432953}"
373,C1113696,NAME_NOT_FOUND,AAPP,"{'C0037313': 0.021750808376114015, 'C0002395': 0.017429938080668724}"
374,C0060095,Fatty Acid-Binding Proteins,AAPP,"{'C0037313': 0.02154246814963403, 'C0002395': 0.017117688585273655}"
375,C0535025,"Receptor, Serotonin, 5-HT1B",AAPP,"{'C0037313': 0.02129936458358563, 'C0002395': 0.017074176267878497}"
376,C0002570,Aminopeptidase,AAPP,"{'C0037313': 0.021025563843455986, 'C0002395': 0.017067589390493035}"
377,C0108793|1604,NAME_NOT_FOUND,AAPP,"{'C0037313': 0.020864463695306364, 'C0002395': 0.01664497335448723}"
378,C0076380,theanine,AAPP,"{'C0037313': 0.020611998348058817, 'C0002395': 0.016620426803506918}"
379,C0079466,guanfacine,ORCH,"{'C0037313': 0.02053947739172132, 'C0002395': 0.015982141141239335}"
380,C0063322,tropisetron,ORCH,"{'C0037313': 0.02036070867113308, 'C0002395': 0.01572245662303833}"
381,C0242913,Nootropic Agents,PHSU,"{'C0037313': 0.020280096475151544, 'C0002395': 0.015661290152324085}"
382,C0174045,rho GTP-Binding Proteins,AAPP,"{'C0037313': 0.020221441683688068, 'C0002395': 0.015615297362409552}"
383,C0001637,Adrenergic Agents,PHSU,"{'C0037313': 0.019479796042731975, 'C0002395': 0.01525322849677797}"
384,C1172734,natalizumab,AAPP,"{'C0037313': 0.01940204655237054, 'C0002395': 0.01504117831954618}"
385,C0076316,tetrandrine,ORCH,"{'C0037313': 0.019266738565553502, 'C0002395': 0.01496304631609592}"
386,C0649350,rivastigmine,ORCH,"{'C0037313': 0.018963184423483874, 'C0002395': 0.014879553916172145}"
387,C0062739,"Receptors, Histamine H3",AAPP,"{'C0037313': 0.018880425435414704, 'C0002395': 0.014675688925752273}"
388,C0020592,Hypnotics and Sedatives,PHSU,"{'C0037313': 0.018876290060988666, 'C0002395': 0.01448554526600419}"
389,C0031436,Phenothiazines,ORCH,"{'C0037313': 0.017731488168394777, 'C0002395': 0.013988124652833634}"
390,C0699919,Cathepsins B,AAPP,"{'C0037313': 0.017048356879012, 'C0002395': 0.013821024155173358}"
391,C0007680,Central Nervous System Agents,PHSU,"{'C0037313': 0.01693109810749092, 'C0002395': 0.01374687401844827}"
392,C0605290,2-chloro-10-(4'(N-beta-hydroxyethyl)piperazinyl-1')acetylphenothiazine,ORCH,"{'C0037313': 0.01621179496835471, 'C0002395': 0.013540253748798938}"
393,C0072523|7031,NAME_NOT_FOUND,AAPP,"{'C0037313': 0.015541196107629033, 'C0002395': 0.013265190570056103}"
394,C0008221,chlormethiazole,ORCH,"{'C0037313': 0.015488511949112913, 'C0002395': 0.013097458610225874}"
395,C0255998,Adenosine A2A Receptor,AAPP,"{'C0037313': 0.015486047432988575, 'C0002395': 0.01265565620532115}"
396,C0030940|115209,NAME_NOT_FOUND,AAPP,"{'C0037313': 0.015175081619547512, 'C0002395': 0.012652767152158179}"
397,C0059570|2057,NAME_NOT_FOUND,AAPP,"{'C0037313': 0.015169859014031442, 'C0002395': 0.01261745637123029}"
398,C0001638,"Receptors, Adrenergic, alpha-1",AAPP,"{'C0037313': 0.015076982959189343, 'C0002395': 0.012442058049313105}"
399,C0815090,Ligand-Gated Ion Channels,AAPP,"{'C0037313': 0.015004569031861346, 'C0002395': 0.012348160357806313}"
400,C0069805,oxybutynin,ORCH,"{'C0037313': 0.014197311610116947, 'C0002395': 0.01176971531750788}"
401,C0120465,Guanine Nucleotide Exchange Factors,AAPP,"{'C0037313': 0.013971620363319292, 'C0002395': 0.011675838843071178}"
402,C0007681,Central Nervous System Depressants,PHSU,"{'C0037313': 0.013576022342438343, 'C0002395': 0.011471541842110898}"
403,C0036001,S-Adenosylhomocysteine,AAPP,"{'C0037313': 0.01337202224971425, 'C0002395': 0.011465969835501424}"
404,C0971087|58157,NAME_NOT_FOUND,AAPP,"{'C0037313': 0.013243127281630072, 'C0002395': 0.01125907184602595}"
405,C0013231,"Drugs, Non-Prescription",PHSU,"{'C0037313': 0.012797622637059927, 'C0002395': 0.011234374933369356}"
406,C0031364,phenacetin,ORCH,"{'C0037313': 0.012226043699299357, 'C0002395': 0.010968909909144307}"
407,C0539397,TNFR-Fc Fusion Protein,PHSU,"{'C0037313': 0.012173761025897548, 'C0002395': 0.01093334550981311}"
408,C0633372|5308,NAME_NOT_FOUND,AAPP,"{'C0037313': 0.011810593066120884, 'C0002395': 0.010843666000097228}"
409,C1175254,NAME_NOT_FOUND,AAPP,"{'C0037313': 0.011726893326094936, 'C0002395': 0.010527348591467684}"
410,C0211546,serotonin 5 receptor,AAPP,"{'C0037313': 0.011388880287653926, 'C0002395': 0.010425615211560246}"
411,C0051917,aniracetam,ORCH,"{'C0037313': 0.011319796399306355, 'C0002395': 0.010356550170186746}"
412,C1442972,Plasma C-reactive protein,AAPP,"{'C0037313': 0.01096946780900434, 'C0002395': 0.010010828686066259}"
413,C0056501,Crocetin,ORCH,"{'C0037313': 0.010846456560319327, 'C0002395': 0.00994167542571057}"
414,C1366910,Calmodulin 1,AAPP,"{'C0037313': 0.010667355808337617, 'C0002395': 0.009774836652012215}"
415,C0065844,mecobalamin,ORCH,"{'C0037313': 0.0099748994491324, 'C0002395': 0.008911759526434864}"
416,C0005578,biperiden,ORCH,"{'C0037313': 0.009943876338720663, 'C0002395': 0.008592915500865663}"
417,C0084873,"Receptor, trkB",AAPP,"{'C0037313': 0.009381665733287086, 'C0002395': 0.008574380029780577}"
418,C0132512,nilvadipine,ORCH,"{'C0037313': 0.00893087937922877, 'C0002395': 0.008566359112772594}"
419,C0295921,Excitatory Amino Acid Transporter 2,AAPP,"{'C0037313': 0.006574213757893185, 'C0002395': 0.008265022336226616}"
420,C0007259,Carnitine O-Acetyltransferase,AAPP,"{'C0037313': 0.006167361299038473, 'C0002395': 0.008106693085328869}"
421,C0064980,ligustilide,ORCH,"{'C0037313': 0.005766427037302278, 'C0002395': 0.007751042012621493}"
422,C0054295,butylidenephthalide,ORCH,"{'C0037313': 0.005741004341984305, 'C0002395': 0.006912893065295286}"
423,C0682884,short-acting benzodiazepines,PHSU,"{'C0037313': 0.005162794890623285, 'C0002395': 0.006525143523969938}"
424,C0633507,spinosin,ORCH,"{'C0037313': 0.004737506937706568, 'C0002395': 0.003325052081380821}"
425,C0073640,RS 86,ORCH,"{'C0037313': 0.004638908591985464, 'C0002395': 0.0025910954164487946}"
426,C0071098,pipamperone,ORCH,"{'C0037313': 0.0041095849294187055, 'C0002395': 0.002587431281515194}"
427,C0596537,esterase inhibitor,PHSU,"{'C0037313': 0.003564631064589156, 'C0002395': 0.0023562498109724185}"
428,C0011228|5694|7528|28514,NAME_NOT_FOUND,AAPP,"{'C0037313': 0.003484588276341105, 'C0002395': 0.002313482380411292}"
429,C0724680,quetiapine fumarate,ORCH,"{'C0037313': 0.0029191754538002096, 'C0002395': 0.0020072472406634013}"
430,C0949312,galantamine hydrobromide,ORCH,"{'C0037313': 0.0010615121291380743, 'C0002395': 0.0012480037024734632}"
431,C0141824,NAME_NOT_FOUND,ORCH,"{'C0037313': 0.0010278440884307618, 'C0002395': 0.0010682496434829534}"
